Player,ast_per_g,blk_per_g,fg2_pct,fg3_pct,height,lb,pts_per_g,stl_per_g,tov_per_g,trb_per_g,years,School,Pick,Games,WS
Carmelo Anthony,2.2,0.9,0.496,0.337,80,230,22.2,1.6,2.2,10,1,Syracuse,3,976,97
Chris Bosh,1.2,2.2,0.575,0.478,82,228,15.6,1,2.3,9,1,Georgia Tech,4,893,106
Dwyane Wade,3.9,1.2,0.512,0.333,76,212,19.7,2.3,3.1,6.5,2,Marquette,5,915,117.2
Chris Kaman,0.8,2.2,0.608,0,84,268,15.1,0.5,3.1,8.5,3,Central Michigan,6,735,24.6
Kirk Hinrich,4.7,0.4,0.542,0.43,75,190,12.4,1.5,2.7,3.8,4,Kansas,7,879,52.5
T.J. Ford,8,0.1,0.436,0.228,72,165,12.9,2.1,3.6,3.8,2,Texas,8,429,16.9
Mike Sweetney,1.8,1.9,0.546,0,80,275,18.2,1.1,2.5,9.2,3,Georgetown,9,233,7.8
Jarvis Hayes,1.8,0.5,0.524,0.372,79,220,18.4,1.2,1.8,4.8,3,Georgia,10,427,10.2
Nick Collison,1.8,1.7,0.571,0.359,81,255,14.8,1.1,2.140225564,8,4,Kansas,12,895,44.4
Marcus Banks,4.3,0.2,0.551,0.33,74,200,18.1,2.5,3.6,3.3,2,UNLV,13,348,6.6
Luke Ridnour,5.2,0.1,0.472,0.389,74,175,14.6,1.6,3.2,3,3,Oregon,14,830,36
Reece Gaines,3.8,0.2,0.502,0.383,78,205,15.6,1.5,2.7,3.4,4,Louisville,15,71,-0.6
Troy Bell,3.5,0.3,0.467,0.372,73,180,21.6,2.2,2.9,4,4,Boston College,16,6,-0.2
David West,2.1,1.8,0.54,0.327,81,240,16.9,1.4,2.5,10.4,4,Xavier,18,961,82.4
Dahntay Jones,1,0.5,0.527,0.347,78,210,14.3,1,1.8,4.8,4,Duke,20,657,28
Brian Cook,1.3,1,0.558,0.339,81,234,13.2,0.7,2,6.2,4,Illinois,24,421,10.2
Josh Howard,1.9,1.1,0.522,0.353,79,210,13.9,1.7,2.2,6.6,4,Wake Forest,29,507,38
Jason Kapono,2.1,0.1,0.489,0.446,80,213,16.5,0.9,2.3,5.1,4,UCLA,31,509,10.3
Luke Walton,4.5,0.4,0.47,0.284,80,235,9.1,1.2,2.6,5.1,4,Arizona,32,564,13.5
Mario Austin,1.1,0.6,0.534,0.353,81,224.73857,13.2,0.7,2.140225564,6.3,3,Mississippi State,36,0,0
Travis Hansen,1.7,0.4,0.455,0.369,78,205,13.2,0.7,2,4.8,3,Brigham Young,37,41,0.2
Steve Blake,7,0.3,0.423,0.381,75,172,8.3,1.7,3.3,3.4,4,Maryland,38,870,29.1
Derrick Zimmerman,4,0.7,0.533,0.268,75,195,6.9,1.6,2.140225564,3.3,4,Mississippi State,40,2,0
Willie Green,2.2,0.3,0.495,0.352,76,200,14.3,0.9,2,4.2,4,Detroit Mercy,41,731,12.9
Keith Bogans,2.3,0.1,0.527,0.342,77,215,14.2,1.1,2.3,4.1,4,Kentucky,43,671,20.4
Matt Bonner,1.2,0.5,0.564,0.395,82,240,12,0.7,2.140225564,5.9,4,Florida,45,792,38.5
Mo Williams,4.2,0.1,0.492,0.294,73,185,13.1,1.5,3,3.9,2,Alabama,47,818,40
James Jones,1.2,1.6,0.444,0.383,80,225,11.1,1.1,1.5,5,4,Miami,49,709,25.2
Kyle Korver,2.3,0.5,0.515,0.453,79,210,14.1,1.3,1.8,5.2,4,Creighton,51,1031,65.2
Tommy Smith,1.7,1.4,0.513,0.31,82,227.5131203,9.2,1,2.140225564,4.8,4,Arizona State,53,0,0
Rick Rickert,1.3,1,0.518,0.361,83,230.2876705,14.9,0.7,2.140225564,5.7,2,Minnesota,55,0,0
Brandon Hunter,2.1,0.7,0.525,0.339,79,260,16.9,0.8,3.4,9.3,4,Ohio,56,67,0.7
Emeka Okafor,0.8,4.3,0.59,0,82,252,13.8,0.9,2.140225564,10.6,3,Connecticut,2,590,44.3
Ben Gordon,4.1,0.2,0.452,0.423,75,200,16.9,1.2,2.140225564,3.9,3,Connecticut,3,744,33.3
Devin Harris,3.1,0.4,0.522,0.375,75,185,14.8,1.7,2.140225564,4.1,3,Wisconsin,5,846,50.9
Josh Childress,1.8,1.1,0.494,0.335,80,210,12.3,0.9,2.140225564,6.8,3,Stanford,6,391,25.7
Luol Deng,1.8,1.1,0.515,0.36,80,220,15.1,1.3,2.140225564,6.9,1,Duke,7,879,73.2
Rafael Araujo,1.2,0.6,0.587,0.268,83,280,15.1,1.4,2.140225564,9.5,2,Brigham Young,8,139,-0.4
Andre Iguodala,3.4,0.5,0.473,0.274,78,207,9.6,1.5,2.140225564,6.6,2,Arizona,9,976,89
Luke Jackson,3.4,0.3,0.488,0.402,79,215,15.6,1.3,2.140225564,5.9,4,Oregon,10,522,22.3
Kris Humphries,0.7,1.1,0.455,0.34,81,235,21.7,0.9,2.140225564,10.1,1,Minnesota,14,800,30.3
Kirk Snyder,2.7,0.8,0.477,0.31,78,225,16.7,0.9,2.140225564,6.4,3,"University of Nevada, Reno",16,211,4.5
Jameer Nelson,5.7,0.1,0.514,0.365,72,190,16.8,2,2.140225564,4.6,4,St. Joseph's,20,828,47.7
Delonte West,3,0.2,0.544,0.377,76,180,13.9,1.4,2.140225564,4.2,3,St. Joseph's,24,432,24.5
Tony Allen,2.9,0.8,0.508,0.347,76,213,15.3,2,2.140225564,5.5,2,Oklahoma State,25,798,38.6
Kevin Martin,1.7,0.4,0.542,0.346,79,185,23.3,1.7,2.140225564,4.5,3,Western Carolina,26,757,48
David Harrison,0.6,2.6,0.602,0,84,280,15,0.6,2.140225564,8,3,Colorado,29,189,3.2
Jackson Vroman,2.1,1.1,0.569,0.077,82,220,13.2,1.2,2.140225564,9.5,2,Iowa State,31,87,0
Lionel Chalmers,3.3,0.1,0.483,0.372,72,180,12.7,1.3,2.140225564,2.9,4,Xavier,33,36,-0.2
Andre Emmett,1.6,0.3,0.52,0.312,77,230,17.6,1.3,2.140225564,6,4,Texas Tech,35,14,0.1
Antonio Burks,5.4,0.2,0.484,0.401,73,200,11.3,1.9,2.140225564,2.6,3,Memphis,36,81,0.1
Royal Ivey,2.3,0.2,0.483,0.338,75,200,7.8,0.9,2.140225564,3.1,4,Texas,37,492,4.5
Chris Duhon,5.7,0.1,0.511,0.321,73,185,8.8,2.1,2.140225564,3.4,4,Duke,38,606,25
Justin Reed,1.1,0.7,0.5,0.285,80,240,14.6,1,2.140225564,6.3,4,Mississippi,40,136,0.5
David Young,3.4,0.4,0.53,0.343,77,213.640369,7.7,1.2,2.140225564,2.1,4,North Carolina Central,41,574,20.2
Trevor Ariza,2.1,0.4,0.509,0.237,80,200,11.6,1.7,2.140225564,6.5,1,UCLA,43,875,52.1
Tim Pickett,2.1,0.4,0.473,0.367,76,210.8658188,16.7,2.6,2.140225564,5.1,2,Florida State,44,0,0
Bernard Robinson,3,0.4,0.472,0.297,78,210,12.5,1.4,2.140225564,5.3,4,Michigan,45,128,2
Ricky Minard,3.7,0.6,0.554,0.372,76,210.8658188,20.9,2.1,2.140225564,6.4,4,Morehead State,48,0,0
Christian Drejer,3.2,0.2,0.5,0.378,81,224.73857,7.1,0.7,2.140225564,3.3,2,Florida,51,0,0
Romain Sato,2,0.3,0.481,0.367,77,213.640369,15.4,1,2.140225564,6.9,4,Xavier,52,0,0
Matt Freije,0.9,0.6,0.501,0.355,82,240,15.6,0.7,2.140225564,4.9,4,Vanderbilt,53,42,-0.6
Rickey Paulding,1.8,0.4,0.494,0.367,77,213.640369,12.8,0.8,2.140225564,4,4,Missouri,54,0,0
Luis Flores,2.3,0.2,0.477,0.386,74,200,22.7,1.8,2.140225564,4.5,4,Manhattan College,55,16,0
Marcus Douthit,1.5,2.4,0.439,0,82,227.5131203,5.9,0.9,2.140225564,4.6,4,Providence College,56,0,0
Blake Stepp,5,0.1,0.478,0.381,76,210.8658188,13,1.2,2.140225564,3.9,4,Gonzaga,58,0,0
Rashad Wright,4.1,0.3,0.446,0.341,75,208.0912685,8.9,1.4,2.140225564,2.7,4,Georgia,59,0,0
Andrew Bogut,2.3,1.6,0.616,0.361,84,245,16.6,0.7,2.140225564,11.1,2,Utah,1,671,49.9
Marvin Williams,0.7,0.5,0.522,0.432,81,230,11.3,1.1,2.140225564,6.6,1,North Carolina,2,861,53.9
Deron Williams,5.9,0.2,0.464,0.374,75,210,11,1.1,2.140225564,3.3,3,Illinois,3,845,77.3
Chris Paul,6.3,0.2,0.473,0.47,72,175,15,2.5,2.140225564,3.9,2,Wake Forest,4,834,154.6
Raymond Felton,6.9,0.3,0.467,0.375,73,198,12.5,1.9,2.140225564,4.1,3,North Carolina,5,856,37.3
Charlie Villanueva,1,1.7,0.534,0.393,83,240,11.2,0.4,2.140225564,6.7,2,Connecticut,7,656,22.6
Channing Frye,1.3,1.9,0.568,0.261,83,248,13.5,0.6,2.140225564,7.3,4,Arizona,8,801,37.3
Ike Diogu,1.2,1.7,0.591,0.387,80,250,21.4,0.4,2.140225564,8.8,3,Arizona State,9,225,6.5
Sean May,1.5,1.2,0.519,0,81,266,15.8,1.3,2.140225564,10,3,North Carolina,13,119,2.6
Rashad McCants,2.1,0.6,0.538,0.415,76,207,17.6,1.5,2.140225564,4.1,3,North Carolina,14,249,3.6
Antoine Wright,2.1,0.6,0.439,0.376,79,210,15.4,1.1,2.140225564,5.6,3,Texas A&M,15,297,3.1
Joey Graham,1.6,0.2,0.56,0.476,79,225,15,0.8,2.140225564,5.7,4,Oklahoma State,16,377,7.8
Danny Granger,2.3,1.8,0.556,0.392,80,225,19.1,1.8,2.140225564,8.9,4,New Mexico,17,586,48.5
Hakim Warrick,1.5,0.9,0.544,0.25,81,219,15.4,1,2.140225564,7.6,4,Syracuse,19,526,20.4
Julius Hodge,3.5,0.6,0.52,0.329,79,210,15.8,1.2,2.140225564,6,4,North Carolina State,20,23,0
Nate Robinson,3.2,0.1,0.523,0.348,69,180,14.4,1.6,2.140225564,3.9,3,Washington,21,618,27.8
Jarrett Jack,5.4,0.1,0.53,0.359,75,202,12.5,1.8,2.140225564,4.5,3,Georgia Tech,22,805,35.7
Francisco Garcia,3.5,1.4,0.519,0.369,79,195,14.4,1.5,2.140225564,3.9,3,Louisville,23,549,18.2
Luther Head,2.5,0.2,0.594,0.382,75,185,10.1,1.2,2.140225564,3.1,4,Illinois,24,348,14.7
Jason Maxiell,0.7,1.9,0.509,0.286,79,260,12.1,0.7,2.140225564,7,4,Cincinnati,26,618,20.3
Linas Kleiza,1.3,0.3,0.453,0.287,80,245,14.4,0.6,2.140225564,7.9,2,Missouri,27,409,13.6
Wayne Simien,0.9,0.7,0.566,0.24,81,255,15,0.7,2.140225564,8.3,4,Kansas,29,51,0.9
David Lee,2,0.9,0.584,0,81,249,11.3,0.9,2.140225564,6.8,4,Florida,30,58,1.9
Salim Stoudamire,2,0.1,0.488,0.458,73,179,15.2,0.8,2.140225564,2.2,4,Arizona,31,157,2.2
Daniel Ewing,2.1,0.2,0.464,0.392,75,185,11.6,1.4,2.140225564,2.8,4,Duke,32,127,0.8
Brandon Bass,0.7,1.8,0.554,0.378,80,240,15.1,0.8,2.140225564,8.2,2,Louisiana State,33,758,42.8
Ronny Turiaf,1,1.4,0.524,0.222,82,249,13.6,0.5,2.140225564,6.8,4,Gonzaga,37,473,19.2
Travis Diener,5.1,0.1,0.42,0.413,73,175,14.1,1.3,2.140225564,3.1,4,Marquette,38,179,5.6
Von Wafer,1.4,0.2,0.457,0.365,77,210,10.1,0.9,2.140225564,2.2,2,Florida State,39,200,3.3
Chris Taft,1.1,1.7,0.569,0,82,260,12,0.4,2.140225564,7.5,2,Pittsburgh,42,17,0.5
Bracey Wright,2.4,0.6,0.451,0.35,75,210,17.6,0.9,2.140225564,5.1,3,Indiana,47,26,0.5
Ryan Gomes,2.3,0.4,0.549,0.352,79,250,18.4,1.6,2.140225564,8.9,4,Providence College,50,487,19.4
Robert Whaley,0.6,0.4,0.35,0,82,260,5.8,0.3,2.140225564,2.5,1,Walsh,51,23,0
Orien Greene,3.6,0.3,0.485,0.339,76,208,11.1,2.6,2.140225564,4.6,4,Louisiana at Lafayette,53,131,-0.7
Dijon Thompson,2,0.3,0.51,0.362,79,195,12.5,1.1,2.140225564,4.7,4,UCLA,54,16,0.2
Lawrence Roberts,1.6,0.7,0.505,0.296,81,240,16.9,1.5,2.140225564,10.5,4,Mississippi State,55,87,2.5
Alex Acker,2.8,0.4,0.476,0.411,77,185,14.5,1.5,2.140225564,5.6,3,Pepperdine,60,30,-0.2
LaMarcus Aldridge,0.6,1.8,0.586,0,83,240,13.5,1.3,2.140225564,8.2,2,Texas,2,794,86.7
Adam Morrison,2,0.4,0.551,0.368,80,205,19.7,0.7,2.140225564,5.1,3,Gonzaga,3,161,-1.4
Tyrus Thomas,1.3,3.1,0.606,1,81,215,12.3,1,2.140225564,9.2,1,Louisiana State,4,402,13
Shelden Williams,0.9,3,0.574,0.333,81,250,13.9,1.2,2.140225564,9.1,4,Duke,5,361,9.9
Brandon Roy,3,0.5,0.541,0.344,78,215,14.3,1,2.140225564,5,4,Washington,6,326,37.4
Randy Foye,3.2,0.4,0.441,0.329,76,210,15,1.5,2.140225564,4.8,4,Villanova,7,752,23.5
Rudy Gay,1.8,1.7,0.483,0.378,81,220,13.6,1.3,2.140225564,5.9,2,Connecticut,8,753,47.4
Patrick O'Bryant,0.7,2.8,0.554,0,84,260,11.6,0.9,2.140225564,7.8,2,Bradley,9,90,0.5
J.J. Redick,2.2,0.1,0.472,0.406,76,190,19.9,1.1,2.140225564,2.7,4,Duke,11,690,46.5
Hilton Armstrong,0.6,1.5,0.565,0.333,83,235,4.7,0.3,2.140225564,3.9,4,Connecticut,12,292,3.9
Ronnie Brewer,3.3,0.5,0.511,0.34,79,220,15.7,2.4,2.140225564,5,3,Arkansas,14,501,17.3
Cedric Simmons,1.1,1.8,0.566,0.5,81,235,7.7,0.4,2.140225564,4.1,2,North Carolina State,15,75,0.1
Rodney Carney,1.2,1,0.468,0.362,79,205,14.3,1,2.140225564,4.9,4,Memphis,16,299,6.2
Shawne Williams,1.9,1.4,0.489,0.312,81,225,13.2,1.4,2.140225564,6.2,1,Memphis,17,314,6.7
Quincy Douby,2.7,0.7,0.473,0.389,75,175,17.8,1.3,2.140225564,2.9,3,Rutgers,19,143,0
Renaldo Balkman,1.7,1.1,0.581,0.291,80,208,7.4,1.2,2.140225564,5.3,3,South Carolina,20,221,7.2
Rajon Rondo,4.2,0.2,0.544,0.283,73,171,9.6,2.3,2.140225564,4.5,2,Kentucky,21,714,53.5
Marcus Williams,7.3,0.2,0.413,0.375,75,205,9,1,2.140225564,3.2,3,Connecticut,22,203,0
Josh Boone,0.8,2.2,0.578,0,82,237,9.3,0.5,2.140225564,7,3,Connecticut,23,256,9.1
Kyle Lowry,3,0.2,0.463,0.325,72,175,9.5,1.9,2.140225564,3.8,2,Villanova,24,713,69.9
Shannon Brown,1.9,0.1,0.503,0.364,76,205,12.2,1.3,2.140225564,3.4,3,Michigan State,25,408,9.2
Jordan Farmar,5.2,0.2,0.463,0.333,74,180,13.3,1.2,2.140225564,3,2,UCLA,26,504,13.9
Maurice Ager,1.5,0.3,0.492,0.38,77,202,12.5,0.5,2.140225564,3.4,4,Michigan State,28,82,-0.9
Mardy Collins,3.2,0.2,0.457,0.292,78,220,15.4,2.3,2.140225564,4.6,4,Temple,29,189,-1.6
James White,2.8,0.6,0.508,0.347,79,200,11.7,1,2.140225564,4.7,4,Cincinnati,31,334,10.4
Steve Novak,1,0.1,0.443,0.461,82,220,12.4,0.5,2.140225564,4.2,4,Marquette,32,467,14.5
Solomon Jones,1,2.6,0.507,0,82,230,9.8,0.6,2.140225564,8,2,South Florida,33,281,5
Paul Davis,1.4,0.7,0.549,0.271,83,270,13.2,1.1,2.140225564,7,4,Michigan State,34,82,0.5
P.J. Tucker,2,0.3,0.527,0.5,77,225,13.4,1.3,2.140225564,8.2,3,Texas,35,418,21.1
Craig Smith,1.9,0.8,0.572,0.239,79,250,18.1,1.3,2.140225564,8.6,4,Boston College,36,403,16
Bobby Jones,0,0,0,0,81,210,13.7,0,2.140225564,8.9,3,Washington,37,941,94.1
David Noel,1.9,0.5,0.6,0.354,78,230,6.9,1.1,2.140225564,4.3,4,North Carolina,39,68,0.4
Denham Brown,1.3,0.2,0.466,0.354,78,216.4149193,9.4,0.7,2.140225564,3.9,4,Connecticut,40,0,0
James Augustine,1.1,1,0.623,0.333,82,235,10.1,1,2.140225564,7.5,4,Illinois,41,27,0.3
Daniel Gibson,3.5,0.3,0.451,0.387,74,190,13.8,1.5,2.140225564,3.6,2,Texas,42,397,16
Alexander Johnson,0.7,0.7,0.535,0.308,81,240,9.8,0.9,2.140225564,5.2,3,Florida State,45,102,1.5
Dee Brown,3.1,0.3,0.51,0.366,73,160,13.9,1.9,2.3,5.3,4,Illinois,46,608,33.4
Paul Millsap,0.9,2,0.58,0.375,80,245,18.6,1.3,2.140225564,12.7,3,Louisiana Tech,47,837,79.6
Leon Powe,1.1,0.6,0.495,0.3,80,240,17.8,0.8,2.140225564,9.8,2,California,49,239,12
Ryan Hollins,0.4,0.9,0.574,1,84,230,5.7,0.2,2.140225564,4,4,UCLA,50,518,10.4
Guillermo Diaz,2.6,0.3,0.493,0.38,74,192,15.9,1.3,2.140225564,3.4,3,Miami,52,6,0
Hassan Adams,2,0.7,0.535,0.311,76,220,14,1.8,2.140225564,5.4,4,Arizona,54,73,0.8
J.R. Pinnock,2.1,0.6,0.533,0.308,77,213.640369,12.6,1.8,2.140225564,4.6,3,George Washington,58,0,0
Will Blalock,5,0.1,0.445,0.365,72,205,11.6,1.9,2.140225564,3.1,3,Iowa State,60,14,-0.1
Greg Oden,0.7,3.3,0.616,0,84,250,15.7,0.6,2.140225564,9.6,1,Ohio State,1,105,7.3
Kevin Durant,1.3,1.9,0.505,0.404,81,215,25.8,1.9,2.140225564,11.1,1,Texas,2,703,119.8
Al Horford,1.7,1.7,0.589,0,82,245,10.3,0.9,2.140225564,7.9,3,Florida,3,646,70.4
Mike Conley,6.1,0.3,0.579,0.304,73,180,11.3,2.2,2.140225564,3.4,1,Ohio State,4,706,62.8
Jeff Green,3.1,1.2,0.531,0.359,81,235,13.1,0.9,2.140225564,6.5,3,Georgetown,5,25,0.4
Corey Brewer,2.8,0.4,0.536,0.356,81,185,11.3,1.6,2.140225564,4.3,3,Florida,7,711,19.2
Brandan Wright,1,1.8,0.646,0,81,205,14.7,1,2.140225564,6.2,1,North Carolina,8,400,24.9
Joakim Noah,1.7,1.7,0.617,0.5,83,232,10.5,0.9,2.140225564,6.4,3,Florida,9,618,59.6
Spencer Hawes,1.9,1.7,0.533,0.333,84,245,14.9,0.5,2.140225564,6.4,1,Washington,10,684,22.6
Acie Law,4.5,0,0.502,0.357,75,195,13.7,1.3,2.140225564,3.1,4,Texas A&M,11,188,1.6
Thaddeus Young,2,0.4,0.498,0.419,80,220,14.4,1.3,2.140225564,4.9,1,Georgia Tech,12,739,47.3
Julian Wright,2,1.3,0.565,0.188,80,225,10.4,1.2,2.140225564,6.3,2,Kansas,13,231,3.9
Al Thornton,0.7,0.6,0.543,0.438,80,220,12.3,0.8,2.140225564,5.2,4,Florida State,14,296,6.1
Rodney Stuckey,4.8,0.3,0.54,0.317,77,205,24.4,2.3,2.140225564,4.7,2,Eastern Washington,15,651,28.7
Nick Young,1.4,0.3,0.518,0.368,78,200,15.5,0.8,2.140225564,5.1,3,Southern California,16,636,16.9
Sean Williams,0.6,2.8,0.577,0,82,235,5.5,0.6,2.140225564,4.2,3,Boston College,17,137,3
Javaris Crittenton,5.8,0.1,0.488,0.356,77,200,14.4,2,2.140225564,3.7,1,Georgia Tech,19,113,0.1
Jason Smith,2,1.7,0.556,0.308,84,240,14.7,0.5,2.140225564,7.9,3,Colorado State,20,563,13.9
Daequan Cook,1,0.3,0.465,0.415,77,205,9.8,0.7,2.140225564,4.3,1,Ohio State,21,612,22.9
Jared Dudley,3,0.3,0.548,0.365,79,225,15.9,1.4,2.140225564,7.2,4,Boston College,22,740,39.5
Wilson Chandler,1.2,1.5,0.487,0.303,80,220,12.9,0.7,2.140225564,7.1,2,DePaul,23,516,23.5
Morris Almond,1,0.5,0.514,0.435,78,225,15.1,0.7,2.140225564,3.5,4,Rice,25,38,0
Aaron Brooks,4.1,0.1,0.479,0.374,72,161,13.1,1.1,2.140225564,3.5,4,Oregon,26,613,19.1
Arron Afflalo,1.9,0.2,0.539,0.373,77,215,14.8,0.6,2.140225564,3.5,3,UCLA,27,709,33.3
Alando Tucker,1.6,0.2,0.522,0.307,78,205,16.5,0.8,2.140225564,5.7,5,Wisconsin,29,352,11.1
Carl Landry,1.2,0.8,0.628,0.233,81,248,18.4,1,2.140225564,7.1,3,Purdue,31,513,35.9
Gabe Pruitt,3.5,0.2,0.496,0.393,76,170,13.8,2,2.140225564,3.1,3,Southern California,32,62,0.4
Marcus Williams,7.3,0.2,0.413,0.375,75,205,9,1,2.140225564,3.2,3,Arizona,33,13,-0.1
Nick Fazekas,1.3,1.5,0.579,0.341,83,235,18.8,0.7,2.140225564,9.6,4,"University of Nevada, Reno",34,26,0.8
Glen Davis,1.5,1.2,0.51,0.31,81,289,16.7,1.1,2.140225564,9.6,3,Louisiana State,35,514,18.6
Jermareo Davidson,1,1.8,0.471,0.211,82,230,10.1,0.5,2.140225564,7.3,4,Alabama,36,52,0
Josh McRoberts,2.4,1.9,0.559,0.278,82,240,10.8,1.2,2.140225564,6.5,2,Duke,37,431,18.5
Chris Richard,0.3,0.4,0.665,0,81,270,4.9,0.3,2.140225564,3.2,4,Florida,41,70,0.7
Derrick Byars,3.3,0.2,0.531,0.4,79,219.1894695,14.8,1.2,2.140225564,4.3,4,Vanderbilt,42,2,0.1
Adam Haluska,2.1,0.2,0.499,0.364,77,213.640369,16.1,1.2,2.140225564,4.4,4,Iowa,43,0,0
Reyshawn Terry,0.9,0.5,0.526,0.419,79,219.1894695,7.3,0.6,2.140225564,3.5,4,North Carolina,44,0,0
Jared Jordan,6.9,0.1,0.521,0.326,74,205.3167183,13.1,1.4,2.140225564,4.8,4,Marist College,45,0,0
Stephane Lasme,0.9,3.4,0.595,0,80,215,8.6,0.7,2.140225564,6.4,4,University of Massachusetts Amherst,46,16,0.3
Dominic McGuire,3.3,3.6,0.516,0.299,81,220,13.5,0.9,2.140225564,9.8,3,Cal State Fresno,47,342,4.1
Aaron Gray,1.3,1.2,0.55,0,84,270,9.8,0.4,2.140225564,7,4,Pittsburgh,49,318,6.2
JamesOn Curry,3.5,0.2,0.464,0.404,75,208.0912685,13.5,1,2.140225564,2.9,3,Oklahoma State,51,1,0
Taurean Green,3.6,0.1,0.419,0.389,72,177,10.6,1.1,2.140225564,2.2,3,Florida,52,17,-0.1
Demetris Nichols,1.1,0.8,0.493,0.358,80,216,10.9,1,2.140225564,4.1,4,Syracuse,53,18,-0.2
Herbert Hill,0.9,1.9,0.615,0,82,227.5131203,9.7,0.8,2.140225564,5.2,4,Providence College,55,0,0
Ramon Sessions,4.9,0.1,0.43,0.313,75,190,8.8,1.2,2.140225564,4.2,3,"University of Nevada, Reno",56,663,28.5
Sammy Mejia,3.2,0.2,0.51,0.328,78,216.4149193,12.1,1,2.140225564,4.8,4,DePaul,57,0,0
D.J. Strawberry,2.9,0.4,0.503,0.33,77,201,10.1,1.8,2.140225564,3.3,4,Maryland,59,33,-0.2
Derrick Rose,4.7,0.4,0.521,0.337,75,190,14.9,1.2,2.7,4.5,1,Memphis,1,470,34.4
Michael Beasley,1.2,1.6,0.562,0.379,81,235,26.2,1.3,2.9,12.4,1,Kansas State,2,509,13
O.J. Mayo,3.3,0.4,0.464,0.409,76,210,20.7,1.5,3.5,4.5,1,Southern California,3,547,21.8
Russell Westbrook,2.5,0.1,0.491,0.354,75,187,8.3,1,2.5,2.4,2,UCLA,4,668,80.1
Kevin Love,1.9,1.4,0.611,0.354,82,260,17.5,0.7,2,10.6,1,UCLA,5,576,70.6
Eric Gordon,2.4,0.6,0.525,0.337,75,222,20.9,1.3,3.6,3.3,1,Indiana,7,492,26.3
Joe Alexander,2,1.2,0.488,0.295,80,230,12.1,0.6,2.2,4.8,3,West Virginia,8,67,0.5
D.J. Augustin,6.2,0,0.463,0.402,72,180,16.9,1.4,2.8,2.9,2,Texas,9,651,30.9
Brook Lopez,1.1,1.9,0.491,0.143,84,260,16,0.5,2.1,7.1,2,Stanford,10,562,49.6
Jerryd Bayless,4,0.1,0.489,0.407,75,200,19.7,1,3,2.7,1,Arizona,11,513,17.6
Jason Thompson,2,1.9,0.544,0.291,83,250,16.7,0.9,2.9,9.6,4,Rider,12,2,0
Brandon Rush,2,0.8,0.458,0.435,78,210,13.6,0.7,1.8,5.5,3,Kansas,13,481,11.2
Anthony Randolph,1.2,2.3,0.483,0.105,82,205,15.6,1.1,3,8.5,1,Louisiana State,14,252,5.8
Robin Lopez,0.8,2.3,0.511,0.5,84,255,9,0.3,1.8,5.6,2,Stanford,15,628,38.3
Marreese Speights,0.5,0.9,0.633,0,82,245,9.5,0.3,1.7,5.4,2,Florida,16,653,25.2
Roy Hibbert,1.3,1.9,0.602,1,86,278,10.9,0.4,1.7,5.9,4,Georgetown,17,662,35.9
JaVale McGee,0.3,1.8,0.563,0.356,84,237,8.7,0.5,2.4,4.8,2,"University of Nevada, Reno",18,493,23.2
J.J. Hickson,1,1.5,0.593,0,81,242,14.8,0.7,2.7,8.5,1,North Carolina State,19,534,21.9
Ryan Anderson,1,0.5,0.532,0.396,81,216,18.7,0.5,2.2,9,2,California,21,556,42.2
Courtney Lee,2.2,0.6,0.498,0.401,77,200,17.6,1.9,2.3,5.2,4,Western Kentucky,22,677,34.3
Kosta Koufos,0.5,1.8,0.535,0.349,84,265,14.4,0.4,1.5,6.7,1,Ohio State,23,573,23.7
George Hill,3.3,0.3,0.565,0.404,74,180,17,1.6,2.9,5.8,4,IUPUI,26,599,53.9
Darrell Arthur,0.6,1.4,0.552,0.118,81,225,11.3,0.7,1.9,5.5,2,Kansas,27,484,12.4
Donte Greene,2,1.6,0.492,0.345,83,226,17.7,1.3,2.6,7.2,1,Syracuse,28,253,1.5
D.J. White,0.9,2,0.563,0.333,81,251,14.6,0.7,1.9,7.6,4,Indiana,29,138,3.8
J.R. Giddens,2.8,0.9,0.545,0.313,77,215,16.1,1.2,2.2,7.8,4,New Mexico,30,38,0.1
Walter Sharpe,1.7,1.8,0.535,0,81,245,14.2,1.2,2.8,6.8,3,Alabama at Birmingham,32,8,-0.1
Joey Dorsey,0.5,1.8,0.614,0,80,268,6.7,1.1,1.1,8.1,4,Memphis,33,130,2.9
Mario Chalmers,3.8,0.4,0.545,0.419,73,190,12.2,2.6,1.9,2.8,3,Kansas,34,580,31.7
DeAndre Jordan,0.4,1.3,0.617,0,83,250,7.9,0.2,1.6,6,1,Texas A&M,35,673,66.9
Luc Richard Mbah a Moute,1.6,0.6,0.545,0.215,80,230,8.7,1.3,1.9,7.2,3,UCLA,37,621,23.2
Kyle Weaver,3.8,0.8,0.505,0.277,78,201,9.6,1.6,2.8,4.7,4,Washington State,38,73,1.5
Sonny Weems,2.3,0.3,0.527,0.366,78,203,13.3,1.3,2.8,4.6,2,Arkansas,39,183,0
Chris Douglas-Roberts,1.7,0.4,0.579,0.372,79,200,14.2,1,2.1,3.7,3,Memphis,40,222,5.4
Sean Singletary,4.8,0.1,0.433,0.362,72,185,16.9,1.6,3.9,4,4,Virginia,42,37,0
Patrick Ewing,0.9,3.4,0,0,84,240,15.3,1.2,2.3,9.2,4,Georgetown,43,1183,126.4
Trent Plaisted,1.2,1,0.535,0,83,230.2876705,13.3,0.4,2.4,6.7,4,Brigham Young Hawaii,46,0,0
Bill Walker,1.7,0.5,0.52,0.285,78,220,15.3,0.8,2.6,6,2,Kansas State,47,181,5
Malik Hairston,2.1,0.6,0.551,0.395,78,220,14.1,0.6,1.8,5.1,4,Oregon,48,62,0.8
Richard Hendrix,1.4,1.6,0.596,0.231,81,224.73857,14,0.9,1.7,8.9,3,Alabama,49,0,0
DeVon Hardin,0.4,1.3,0.517,0,83,230.2876705,7.4,0.4,1.4,6.4,4,California,50,0,0
Shan Foster,1.7,0.3,0.543,0.421,78,216.4149193,15.2,0.8,1.7,3.9,4,Vanderbilt,51,0,0
Darnell Jackson,0.5,0.4,0.583,0.333,81,253,6.8,0.5,1.3,4.9,4,Kansas,52,138,1.3
Maarty Leunen,1.8,0.4,0.573,0.397,81,224.73857,9.9,1,1.6,7.1,4,Oregon,54,0,0
Mike Taylor,4.5,0.1,0.391,0.36,74,165,16,1.1,2.140225564,4.1,1,Iowa State,55,51,-0.4
Sasha Kaun,0.3,1.1,0.568,0,83,230.2876705,6.1,0.4,0.8,3.9,4,Kansas,56,25,0.2
James Gist,1.1,1.8,0.523,0.33,81,224.73857,10.9,0.9,2.7,6,4,Maryland,57,0,0
Joe Crawford,1.5,0.2,0.512,0.35,77,210,11.3,0.5,2.8,3.4,4,Kentucky,58,2,0
Deron Washington,1.5,0.9,0.498,0.294,79,219.1894695,11,1.2,2.1,5.4,4,Virginia Tech,59,0,0
Blake Griffin,2.1,1,0.622,0.3,82,227.5131203,18.8,1.1,2.8,11.8,2,Oklahoma,1,471,62.4
Hasheem Thabeet,0.4,4.2,0.611,0,87,241.3858715,10.3,0.4,1.8,8.5,3,Connecticut,2,224,4.8
James Harden,3.7,0.4,0.57,0.376,77,213.640369,19,1.9,3,5.4,2,Arizona State,3,615,91.3
Tyreke Evans,3.9,0.8,0.514,0.274,78,216.4149193,17.1,2.1,3.6,5.4,1,Memphis,4,473,23.9
Jonny Flynn,6,0.2,0.525,0.333,72,199.7676178,16.6,1.5,3.1,2.7,2,Syracuse,6,163,-1.1
Stephen Curry,3.7,0.3,0.53,0.412,75,208.0912685,25.3,2.1,3.1,4.5,3,Davidson College,7,574,84.2
Jordan Hill,0.8,1.4,0.578,0,82,235,12.5,0.5,2.5,7.9,3,Arizona,8,409,16.4
DeMar DeRozan,1.5,0.4,0.562,0.167,79,219.1894695,13.9,0.9,2.1,5.7,1,Southern California,9,595,44.4
Terrence Williams,3.9,0.6,0.457,0.32,78,216.4149193,11.2,1.5,2.6,6.9,4,Louisville,11,153,-0.2
Gerald Henderson,0,0,0,0,74,175,15,0,2.140225564,3.2,4,Duke,12,871,32.1
Tyler Hansbrough,1.1,0.5,0.541,0.316,81,224.73857,20.2,1.3,2,8.6,4,North Carolina,13,428,20.2
Earl Clark,1.7,1.2,0.512,0.298,81,224.73857,10.6,0.9,2.8,7,3,Louisville,14,261,2.9
Austin Daye,1,1.9,0.495,0.422,83,230.2876705,11.6,0.7,1.9,5.8,2,Gonzaga,15,293,4.5
James Johnson,3.8,0.1,0.394,0.37,72,195,13.6,1.5,2.2,3.5,4,Wake Forest,16,474,17
Jrue Holiday,3.7,0.5,0.528,0.307,75,208.0912685,8.5,1.6,2.1,3.8,1,UCLA,17,504,26.6
Ty Lawson,5.8,0.1,0.568,0.403,71,196.9930675,13.1,1.8,2,2.9,3,North Carolina,18,551,42.1
Jeff Teague,3,0.6,0.477,0.421,74,205.3167183,16.4,1.9,3,3,2,Wake Forest,19,600,41.2
Eric Maynor,5.2,0.2,0.477,0.37,74,205.3167183,15,1.3,3,3.4,4,Virginia Commonwealth,20,267,3.3
Darren Collison,4.1,0.1,0.496,0.439,73,202.542168,11.6,1.6,2.4,2.3,4,UCLA,21,563,35.5
Taj Gibson,1.4,2.4,0.58,0,81,224.73857,12.4,0.7,2.3,8.5,3,Southern California,26,585,37.6
DeMarre Carroll,1.8,0.7,0.57,0.311,80,221.9640198,14.9,1.4,1.5,6.9,4,Missouri,27,414,22
Wayne Ellington,2.2,0.1,0.513,0.397,76,210.8658188,14.7,0.9,1.7,4.1,3,North Carolina,28,515,10.7
Toney Douglas,2.9,0.3,0.491,0.376,73,202.542168,16.7,1.9,2.6,3.3,4,Florida State,29,394,12.1
Jeff Pendergraph,0.8,1,0.585,0,82,227.5131203,12.6,0.5,1.6,7.5,4,Arizona State,31,11,-0.2
Jermaine Taylor,1.4,0.4,0.536,0.376,76,210.8658188,16.2,0.9,2.7,3.9,4,Central Florida,32,56,-0.1
Dante Cunningham,1,0.8,0.525,0.333,81,224.73857,9.6,1.2,2.2,5.9,4,Villanova,33,578,20.6
DaJuan Summers,1.3,0.6,0.522,0.353,80,221.9640198,11.2,1,2.3,4.4,3,Georgetown,35,83,-0.1
Sam Young,1,0.8,0.539,0.356,78,216.4149193,13.2,0.8,2.4,5,4,Pittsburgh,36,249,5.2
DeJuan Blair,1.1,1,0.568,0,79,219.1894695,13.6,1.6,1.6,10.7,2,Pittsburgh,37,424,19
Jon Brockman,1,0.1,0.534,0,79,219.1894695,13.8,0.8,2.1,9.8,4,Washington,38,150,3.7
Derrick Brown,1.5,0.8,0.61,0.415,80,221.9640198,10.3,0.7,1.8,5.6,3,Xavier,40,171,4.5
Jodie Meeks,1.6,0.1,0.491,0.386,77,213.640369,15.4,1.1,2.3,3,3,Kentucky,41,454,21.9
Patrick Beverley,2.8,0.4,0.463,0.382,73,202.542168,13,1.5,2,5.5,2,Arkansas,42,291,19.6
Marcus Thornton,1.8,0.3,0.51,0.382,76,210.8658188,20.4,1.5,2,5.5,2,Louisiana State,43,483,20
Chase Budinger,2.8,0.4,0.524,0.383,79,219.1894695,17,1.3,2.4,5.8,3,Arizona,44,407,13.9
Nick Calathes,6.3,0.1,0.507,0.38,78,216.4149193,16.3,1.8,3.1,5.3,2,Florida,45,129,2.6
Danny Green,1.8,1.1,0.522,0.375,77,213.640369,9.4,1.1,1.8,4.1,4,North Carolina,46,823,46.4
Taylor Griffin,1,0.8,0.493,0.22,79,219.1894695,6.6,0.9,1.5,4.8,4,Oklahoma,48,8,0
Goran Suton,1.6,0.7,0.536,0.348,82,227.5131203,8.1,0.8,1.7,6.6,4,Michigan State,50,0,0
Jack McClinton,2.5,0,0.416,0.44,73,202.542168,17.9,0.7,2.5,2.7,4,Miami,51,0,0
A.J. Price,4.7,0.1,0.447,0.365,74,205.3167183,13,1.1,2.5,3.4,3,Connecticut,52,261,4.7
Robert Vaden,2.3,0.4,0.453,0.374,77,213.640369,19.3,1,2.7,4.2,4,Alabama at Birmingham,54,0,0
Patrick Mills,3.7,0.2,0.499,0.331,72,199.7676178,16.4,2,2.9,2.2,2,St. Mary's,55,837,79.6
Ahmad Nivins,0.5,1.3,0.628,0,81,224.73857,14.2,0.7,2.5,7.6,4,St. Joseph's,56,0,0
Lester Hudson,4.4,0.6,0.53,0.372,75,208.0912685,26.6,2.6,3.6,7.9,2,Tennessee at Martin,58,57,0.2
Chinemelu Elonu,0.2,0.9,0.633,0,82,227.5131203,5.1,0.2,1.3,4.4,3,Texas A&M,59,0,0
Robert Dozier,1,1.5,0.493,0.312,81,224.73857,9.3,1,1.8,6.5,4,Memphis,60,0,0
John Wall,6.5,0.5,0.509,0.325,76,210.8658188,16.6,1.8,4,4.3,1,Kentucky,1,500,40.4
Evan Turner,4.1,0.7,0.525,0.362,79,219.1894695,15,1.6,3.5,6.8,3,Ohio State,2,534,15.9
Derrick Favors,1,2.1,0.613,0,82,227.5131203,12.4,0.9,2.5,8.4,1,Georgia Tech,3,479,33.5
Wesley Johnson,0.1,0.3,0.529,0,80,210,1.6,0.2,0.3,1.5,2,Syracuse,4,497,9
DeMarcus Cousins,1,1.8,0.565,0.167,83,230.2876705,15.1,1,2.1,9.8,1,Kentucky,5,487,36.9
Ekpe Udoh,2.7,3.7,0.505,0.269,82,227.5131203,13.9,0.8,2.4,9.8,3,Baylor,6,270,5.7
Greg Monroe,3.2,1.5,0.558,0.273,83,230.2876705,14.5,1.5,2.9,8.2,2,Georgetown,7,538,45.2
Al-Farouq Aminu,1.4,1.3,0.522,0.238,81,224.73857,14.4,1.2,2.9,9.4,2,Wake Forest,8,520,17.4
Gordon Hayward,1.8,0.9,0.569,0.369,80,221.9640198,14.4,1.3,2,7.4,2,Butler,9,516,43
Paul George,2.4,0.9,0.485,0.396,79,219.1894695,15.5,2,2.7,6.7,2,Cal State Fresno,10,448,44.5
Cole Aldrich,0.6,2.3,0.574,0,83,230.2876705,9.4,0.5,1.2,7.7,3,Kansas,11,318,9.6
Xavier Henry,1.5,0.5,0.492,0.418,78,216.4149193,13.4,1.5,1.9,4.4,1,Kansas,12,185,0.8
Ed Davis,0.7,2.1,0.548,0,82,227.5131203,9.2,0.4,1.4,7.7,2,North Carolina,13,481,30.5
Patrick Patterson,1.5,1.6,0.604,0.329,81,224.73857,16.1,0.7,1.6,8.2,3,Kentucky,14,477,25
Larry Sanders,0.5,2.7,0.526,0.25,82,227.5131203,10.3,0.6,1.5,7.7,3,Virginia Commonwealth,15,238,10.3
Luke Babbitt,1.8,0.8,0.494,0.421,81,224.73857,19.4,0.9,2.1,8.1,2,"University of Nevada, Reno",16,331,6.3
Eric Bledsoe,2.9,0.3,0.516,0.383,73,202.542168,11.3,1.4,3,3.1,1,Kentucky,18,418,23.3
Avery Bradley,2.1,0.5,0.457,0.375,74,205.3167183,11.6,1.3,1.5,2.9,1,Texas,19,413,14.4
James Anderson,0.2,0.4,0.463,0,82,240,1.6,0.1,0.2,1.3,3,Oklahoma State,20,247,3.3
Craig Brackins,1.6,1,0.48,0.292,82,227.5131203,16,0.5,2,7.7,3,Iowa State,21,17,-0.2
Elliot Williams,3.8,0.1,0.527,0.366,76,210.8658188,17.9,1.3,2.9,4,2,Memphis,22,109,0.7
Trevor Booker,1.7,1.9,0.574,0.324,79,219.1894695,12.9,1.1,1.9,7.9,4,Clemson,23,464,23.3
Damion James,1.1,1.1,0.506,0.364,79,219.1894695,13.5,1,1.9,9.3,4,Texas,24,39,0
Dominique Jones,3.5,0.4,0.512,0.323,76,210.8658188,18.9,1.5,2.6,5.4,3,South Florida,25,15,-0.3
Quincy Pondexter,1.7,0.3,0.528,0.327,79,219.1894695,13.1,0.8,1.9,5.6,4,Washington,26,279,9.1
Jordan Crawford,2.9,0.2,0.501,0.391,76,210.8658188,20.5,1.3,2.4,4.7,2,Xavier,27,2,0
Greivis Vasquez,5.7,0.3,0.487,0.329,78,216.4149193,16,1.4,3.5,4.8,4,Maryland,28,401,12.6
Daniel Orton,0.4,1.4,0.539,0,83,230.2876705,3.4,0.6,1,3.3,1,Kentucky,29,51,1
Lazar Hayward,0.9,0.3,0.497,0.357,78,216.4149193,13.5,1.1,1.9,6.6,4,Marquette,30,72,0.2
Dexter Pittman,0.3,0.9,0.623,0,82,227.5131203,6.6,0.2,1.3,3.9,4,Texas,32,50,0.5
Hassan Whiteside,0.3,5.4,0.522,0.6,84,233.0622207,13.1,0.6,1.9,8.9,1,Marshall,33,217,25.2
Armon Johnson,4.4,0.2,0.514,0.289,75,208.0912685,14.3,0.8,2.7,3.7,3,"University of Nevada, Reno",34,47,-0.1
Terrico White,1.9,0.2,0.491,0.347,77,213.640369,14.5,0.8,1.5,4,2,Mississippi,36,0,0
Darington Hobson,4.6,0.4,0.465,0.361,79,219.1894695,15.9,1.3,3,9.3,1,New Mexico,37,5,-0.2
Andy Rautins,2.7,0.2,0.506,0.374,77,213.640369,8.8,1.4,2.4,2.6,4,Syracuse,38,5,-0.2
Landry Fields,1.6,0.4,0.51,0.342,79,219.1894695,10.8,0.9,1.7,5,4,Stanford,39,255,10.5
Lance Stephenson,2.5,0.2,0.495,0.219,77,210,12.3,0.9,2.4,5.4,1,Cincinnati,40,358,13.8
Jarvis Varnado,0.6,4,0.591,0.25,81,224.73857,10,0.5,1.6,7.8,4,Mississippi State,41,37,0.7
Da'Sean Butler,1.9,0.2,0.5,0.353,79,219.1894695,14.3,1.1,1.9,5.5,4,West Virginia,42,0,0
Devin Ebanks,2.6,0.7,0.51,0.114,81,224.73857,11.2,0.9,2.1,7.9,2,West Virginia,43,63,0.5
Jerome Jordan,0.8,2.5,0.567,0,84,233.0622207,11.3,0.4,2.3,7.4,4,Tulsa,44,65,1.7
Gani Lawal,0.4,1.3,0.55,0,81,224.73857,11.8,0.6,2.1,7.2,3,Georgia Tech,46,1,0
Tiny Gallon,0.8,0.8,0.573,0.235,81,224.73857,10.3,0.7,2.3,7.9,1,Oklahoma,47,0,0
Solomon Alabi,0.4,2.1,0.535,0,85,235.836771,9.1,0.5,1.7,5.4,3,Florida State,50,26,0
Magnum Rolle,0.9,1.9,0.521,0.5,83,230.2876705,13.1,0.8,2.1,7.8,4,Louisiana Tech,51,0,0
Luke Harangody,1.6,0.7,0.486,0.326,80,246,19.2,0.8,2,9.5,4,Notre Dame,52,70,0.9
Willie Warren,3.5,0.1,0.55,0.35,76,210.8658188,15.2,1.1,2.8,2.6,2,Oklahoma,54,19,0.2
Jeremy Evans,0.5,1.7,0.654,0.364,81,224.73857,7.9,0.6,1,5.9,4,Western Kentucky,55,249,8.2
Hamady N'Diaye,0.4,2.9,0.542,0,84,233.0622207,5.8,0.4,1.5,5.5,4,Rutgers,56,33,0
Ryan Reid,0.7,0.6,0.494,1,80,221.9640198,5,0.5,1.8,3.9,4,Florida State,57,5,0.1
Derrick Caracter,1.1,0.9,0.585,0.267,81,224.73857,14.1,1,2.9,8.1,3,University of Texas at El Paso,58,41,0.3
Stanley Robinson,1,1,0.52,0.351,81,224.73857,9.8,0.6,1.8,6.2,4,Connecticut,59,0,0
Dwayne Collins,0.9,0.7,0.565,0,80,221.9640198,9.9,0.7,1.9,7,4,Miami,60,0,0
Kyrie Irving,4.3,0.5,0.569,0.462,74,180,17.5,1.5,2.5,3.4,1,Duke,1,381,40.4
Derrick Williams,3.2,0,0.4,0.431,69,191.443967,11.1,1.3,2.140225564,3.2,1,Arizona,2,426,14.1
Tristan Thompson,1.3,0.1,0.472,0.396,77,193,12.7,0.6,1.7,2.8,4,Texas,4,466,34.9
Brandon Knight,4.2,0.2,0.461,0.377,75,185,17.3,0.7,3.2,4,1,Kentucky,8,729,32.6
Kemba Walker,4.1,0.3,0.469,0.326,73,172,16.1,1.7,2.3,4.4,3,Connecticut,9,448,17.9
Jimmer Fredette,3.7,0.1,0.497,0.394,74,195,18.7,1.2,2.5,2.6,4,Brigham Young,10,235,2.4
Klay Thompson,2.6,0.8,0.45,0.39,78,200,17.9,1.3,2.9,4.8,3,Washington State,11,464,36.6
Alec Burks,2.4,0.4,0.533,0.313,78,195,19,1.1,2.3,5.8,2,Colorado,12,301,9.6
Markieff Morris,1.2,0.9,0.579,0.404,82,245,8.5,0.6,1.6,6.1,3,Kansas,13,62,4.1
Marcus Morris,1.3,0.4,0.585,0.358,81,235,12.6,0.9,1.6,6.2,3,Kansas,14,62,4.1
Kawhi Leonard,2.2,0.6,0.497,0.25,79,225,14.1,1.4,2.2,10.2,2,San Diego State,15,398,55.4
Nikola Vucevic,1.1,1.1,0.551,0.303,82,220,11.1,0.5,1.5,8,3,Southern California,16,399,28.1
Iman Shumpert,4.2,0.2,0.45,0.305,77,212,12.7,2.3,3,4.5,3,Georgia Tech,17,370,11.6
Chris Singleton,1.5,1.4,0.476,0.33,81,220,10.3,1.9,2.4,6.2,3,Florida State,18,148,2.3
Tobias Harris,1.3,0.9,0.497,0.303,80,226,15.3,0.7,1.8,7.3,1,Tennessee,19,14,0
Nolan Smith,2.8,0.1,0.483,0.368,74,185,13.4,1,2,2.8,4,Duke,21,84,-0.8
Kenneth Faried,0.9,1.8,0.572,0.25,80,228,14.8,1.7,2.2,12.3,4,Morehead State,22,409,34.6
Reggie Jackson,3.5,0.5,0.527,0.351,75,208,12.7,0.8,2.1,4.4,3,Boston College,24,403,21.3
Marshon Brooks,1.5,0.7,0.543,0.333,77,200,14.4,1.1,1.8,4.3,4,Providence College,25,164,2.5
Jordan Hamilton,0.5,0.3,0.547,0.324,78,205,4.3,0.3,0.7,1.4,4,Texas,26,344,12.4
JaJuan Johnson,0.7,1.9,0.512,0.25,82,221,13.7,0.7,1.3,6.1,4,Purdue,27,36,0.2
Norris Cole,3.3,0.1,0.48,0.321,74,170,14.1,1.5,2,3.2,4,Cleveland State,28,360,3
Cory Joseph,3,0.3,0.429,0.413,75,185,10.4,1,1.5,3.6,1,Texas,29,364,15.2
Jimmy Butler,1.7,0.5,0.525,0.383,79,220,12,1.1,1,5.5,3,Marquette,30,399,49.3
Justin Harper,0.7,0.8,0.557,0.382,82,225,10.6,0.6,1.3,4.8,4,Richmond,32,22,-0.3
Kyle Singler,2,0.7,0.479,0.363,80,230,16.2,1.1,2.1,6.9,4,Duke,33,344,10.1
Shelvin Mack,3.3,0.1,0.48,0.357,75,215,14.1,1.1,2.2,4.2,3,Butler,34,330,7.5
Tyler Honeycutt,2.8,1.7,0.473,0.359,81,180,10.3,1.2,2.8,6.9,2,UCLA,35,24,-0.1
Jordan Williams,0.4,1.2,0.528,0,82,260,13.2,0.7,1.3,10.2,2,Maryland,36,43,1.3
Trey Thompkins,1.4,1.3,0.496,0.357,82,245,15.7,1,2.6,7.8,3,Georgia,37,466,34.9
Chandler Parsons,2.4,0.3,0.575,0.337,81,215,10.2,0.9,1.6,6,4,Florida,38,374,28
Jon Leuer,1.1,0.7,0.521,0.368,82,228,11.2,0.4,1.2,4.5,4,Wisconsin,40,328,12.2
Darius Morris,4.8,0.1,0.528,0.223,76,190,9.9,0.8,2.3,2.9,2,Michigan,41,132,-0.3
Malcolm Lee,2,0.2,0.533,0.278,77,180,9.7,0.8,1.7,3,3,UCLA,43,36,0.4
Charles Jenkins,3.8,0.6,0.482,0.382,75,220,19.6,1.7,3,4.3,4,Hofstra,44,110,0.5
Josh Harrellson,0.4,0.9,0.571,0.31,82,275,4.7,0.5,0.6,4.7,3,Kentucky,45,75,2.1
Andrew Goudelock,3,0.3,0.494,0.413,74,200,18.4,0.9,2.2,3.3,4,College of Charleston,46,49,0
Travis Leslie,2.1,0.7,0.492,0.333,76,205,12.2,1.1,2,6.1,3,Georgia,47,10,0.1
Keith Benson,0.7,2.7,0.562,0.379,83,230,14.1,0.5,1.4,8.2,4,Oakland,48,680,33.6
Josh Selby,2.2,0,0.384,0.362,74,183,7.9,0.8,2,2.2,1,Kansas,49,38,-0.7
Lavoy Allen,2.1,1.6,0.549,0.288,81,225,10.5,0.5,1.4,8.5,4,Temple,50,388,13.8
Jon Diebler,1.9,0.2,0.474,0.416,78,205,10.7,1,1.2,2.8,4,Ohio State,51,0,0
Vernon Macklin,0.8,0.8,0.599,0,81,224.73857,11.1,0.5,1.5,5.5,4,Florida,52,23,0.5
DeAndre Liggins,2.1,0.5,0.455,0.332,78,210,5.8,0.9,1.5,3,3,Kentucky,53,119,1.1
E'Twaun Moore,2.9,0.4,0.473,0.38,76,191,15.3,1.2,2.1,4.4,4,Purdue,55,380,7.5
Ater Majok,0.2,1.6,0.424,0,82,227.5131203,2.3,0.2,0.8,3,1,Connecticut,58,0,0
Isaiah Thomas,4,0.1,0.49,0.325,68,185,16.4,1.2,2.7,3.5,3,Washington,60,441,45.4
Anthony Davis,2.3,0.3,0.47,0.311,74,205.3167183,13.3,1.6,2.140225564,4.4,4, Kentucky,1,335,48.8
Michael Kidd-Gilchrist,1.9,0.9,0.535,0.255,79,232,11.9,1,2.2,7.4,1,Kentucky,2,283,15.5
Bradley Beal,2.2,0.8,0.541,0.339,75,207,14.8,1.4,2.1,6.7,1,Florida,3,324,21.9
Dion Waiters,2,0.2,0.513,0.348,76,215,9.7,1.5,1.1,1.9,2,Syracuse,4,335,7.4
Thomas Robinson,1,0.7,0.525,0.5,81,237,9.8,0.6,1.6,7.3,3,Kansas,5,313,4.6
Damian Lillard,3.5,0.2,0.497,0.39,74,185,18.6,1.2,2.4,4.3,4,Weber State,6,396,45.5
Harrison Barnes,1.3,0.4,0.469,0.349,80,215,16.3,0.9,1.9,5.5,2,North Carolina,7,22,-0.4
Terrence Ross,1.2,0.7,0.528,0.364,78,195,12.3,0.9,1.4,4.7,2,Washington,8,387,14.6
Andre Drummond,0.4,2.7,0.541,0,82,270,10,0.8,1.5,7.6,1,Connecticut,9,385,36.1
Austin Rivers,2.1,0,0.477,0.365,76,200,15.5,1,2.3,3.4,1,Duke,10,347,5.5
Meyers Leonard,0.7,1.1,0.585,0.083,85,245,7.7,0.3,1.4,4.7,2,Illinois,11,299,9.4
Jeremy Lamb,1.7,0.6,0.573,0.348,77,180,14.1,1,1.6,4.7,2,Connecticut,12,276,10.5
Kendall Marshall,8,0.1,0.484,0.366,76,195,7.2,1.1,2.6,2.3,2,North Carolina,13,160,1
John Henson,1,2.5,0.505,0.208,83,220,10.3,0.6,1.5,8.1,3,North Carolina,14,315,13.8
Maurice Harkless,1.5,1.4,0.506,0.215,80,208,15.5,1.6,2.5,8.6,1,St. John's,15,356,12.7
Royce White,5,0.9,0.541,0.333,80,270,13.4,1.2,3.8,9.3,1,Iowa State,16,324,6.5
Tyler Zeller,0.6,1.1,0.544,0,84,250,12.8,0.7,1.4,6.7,4,North Carolina,17,340,13.8
Terrence Jones,1.5,1.8,0.493,0.328,81,252,14,1.2,1.8,8,2,Kentucky,18,232,14.8
Andrew Nicholson,0.7,2,0.586,0.377,81,240,17.1,0.5,2.4,7.2,4,St. Bonaventure,19,285,3.8
Jared Sullinger,1.2,0.8,0.541,0.365,81,265,17.3,1.1,1.8,9.7,2,Ohio State,21,269,15.3
Fab Melo,0.5,1.8,0.576,0,84,244,4.9,0.4,1.1,3.8,2,Syracuse,22,6,0
John Jenkins,1.1,0.3,0.521,0.438,76,210.8658188,16.9,0.7,1.3,2.7,3,Vanderbilt,23,145,2.7
Jared Cunningham,0.4,0.4,0.419,0.329,81,224.73857,5.2,0.4,0.7,2.6,1,Oregon State,24,84,0.2
Tony Wroten,3.7,0.4,0.483,0.161,77,205,16,1.9,3.8,5,1,Washington,25,145,-1.3
Miles Plumlee,0.3,0.6,0.557,1,82,245,4.8,0.5,1,4.8,4,Duke,26,273,9.2
Arnett Moultrie,1.2,0.8,0.555,0.444,83,249,16.4,0.8,2.4,10.5,3,Mississippi State,27,59,1.7
Perry Jones,1.2,0.7,0.539,0.279,83,235,13.7,0.7,2,7.4,2,Baylor,28,143,1.7
Marquis Teague,4.8,0.3,0.438,0.325,74,189,10,0.9,2.7,2.5,1,Kentucky,29,88,-0.8
Festus Ezeli,0.1,1.7,0.562,0,83,255,7.7,0.3,1.6,4.5,4,Vanderbilt,30,170,5.9
Jeff Taylor,0,0,0,0,76,175,12.4,0,2.140225564,3.4,4,Vanderbilt,31,56,-0.1
Jae Crowder,1.8,0.9,0.581,0.35,78,235,14.6,1.9,1,7.6,2,Marquette,34,383,21.7
Draymond Green,2.9,0.8,0.496,0.361,79,230,10.5,1.2,1.9,7.6,4,Michigan State,35,397,32.9
Orlando Johnson,2.7,0.6,0.498,0.411,77,205,19.6,1,2.6,5.8,4,"University of California, Santa Barbara",36,103,1.4
Quincy Acy,0.6,1.3,0.604,0.429,79,235,9.8,0.7,1.5,6,4,Baylor,37,257,7.8
Quincy Miller,1.4,0.6,0.475,0.348,81,210,10.6,0.7,1.8,4.9,1,Baylor,38,69,-0.1
Khris Middleton,2,0.2,0.494,0.321,79,217,11.3,1,2,4.6,3,Texas A&M,39,296,18
Will Barton,2.9,0.6,0.546,0.299,78,175,15.2,1.5,2.3,6.5,2,Memphis,40,314,9
Tyshawn Taylor,3.9,0.2,0.518,0.37,75,185,10.8,1.2,2.6,2.2,4,Kansas,41,61,-0.9
Doron Lamb,1.6,0.1,0.492,0.475,76,210,13.1,0.5,1.2,2.3,2,Kentucky,42,100,0.1
Mike Scott,2,0.1,0.429,0.286,73,202.542168,6.2,1.3,2.140225564,3.5,2,Virginia,43,281,9.2
Kim English,1.4,0.2,0.444,0.394,78,200,11.1,1.1,1.7,3,4,Missouri,44,41,0.2
Justin Hamilton,2.7,0.3,0.589,0.331,75,208.0912685,6.9,1.5,2.140225564,2.6,4,Louisiana State,45,113,3.7
Darius Miller,1.8,0.7,0.509,0.379,80,225,8.2,0.8,1.4,3.2,4,Kentucky,46,102,1.2
Kevin Murphy,1.9,0.2,0.476,0.372,79,185,15.8,0.8,3,4.2,4,Tennessee Technological,47,17,-0.3
Kyle O'Quinn,0.9,2.2,0.62,0.261,82,240,12.5,0.5,2,8.5,4,Norfolk State,49,321,11
Kris Joseph,1.5,0.5,0.501,0.331,79,210,10.5,1.3,1.6,4.5,4,Syracuse,51,10,-0.1
Darius Johnson-Odom,2.5,0.2,0.476,0.403,74,215,15.7,0.9,2.1,3.1,3,Marquette,55,59,-0.3
Robbie Hummel,2.1,0.9,0.483,0.389,80,215,14,1,1.1,6.8,4,Purdue,58,98,1.9
Marcus Denmon,1.7,0.1,0.518,0.401,75,185,12.6,1.3,1,3.4,4,Missouri,59,0,0
Robert Sacre,0.7,1.4,0.505,0.25,84,260,9.3,0.5,1.6,5,5,Gonzaga,60,189,2.4
Lonzo Ball,7.6,0.8,0.732,0.412,78,190,14.6,1.8,2.5,6,1,UCLA,,,
Markelle Fultz,5.9,1.2,0.502,0.413,76,195,23.2,1.6,3.2,5.7,1,Washington,,,
Jayson Tatum,2.1,1.1,0.504,0.342,80,205,16.8,1.3,2.6,7.3,1,Duke,,,
Dennis Smith Jr.,6.2,0.4,0.509,0.359,75,195,18.1,1.9,3.4,4.6,1,North Carolina State,,,
Malik Monk,2.3,0.5,0.497,0.397,75,200,19.8,0.9,2,2.5,1,Kentucky,,,
Josh Jackson,3,1.1,0.549,0.378,80,207,16.3,1.7,2.8,7.4,1,Kansas,,,
Jonathan Isaac,1.2,1.5,0.593,0.348,82,210,12,1.2,1.5,7.8,1,Florida State,,,
Zach Collins,0.4,1.8,0.672,0.476,84,230,10,0.5,1.5,5.9,1,Gonzaga,,,
Justin Jackson,2.6,0.4,0.529,0.339,80,193,13.8,0.6,1.4,4.1,3,North Carolina,,,
Lauri Markkanen,0.9,0.5,0.545,0.423,84,230,15.6,0.4,1.1,7.2,1,Arizona,,,
Jarrett Allen,0.8,1.5,0.579,0,83,235,13.4,0.6,2.5,8.5,1,Texas,,,
TJ Leaf,2.4,1.1,0.644,0.466,82,225,16.3,0.6,1.5,8.2,1,UCLA,,,
OG Anunoby,0.8,0.9,0.652,0.365,80,215,6.8,1,1.1,3.5,2,Indiana,,,
Donovan Mitchell,2.2,0.3,0.497,0.329,75,210,11.7,1.5,1.3,4.1,2,Louisville,,,
Justin Patton,1.2,1.4,0.683,0.533,83,215,12.9,0.9,1.7,6.2,1,Creighton,,,
Harry Giles,0.3,0.7,0.577,0,82,240,3.9,0.3,0.7,3.8,1,Duke,,,
John Collins,0.4,1.2,0.602,0,82,218,13.4,0.5,1.4,7,2,Wake Forest,,,
Luke Kennard,2,0.3,0.527,0.382,77,180,15.7,0.9,1.2,4.3,2,Duke,,,
Edrice Adebayo,0.8,1.5,0.601,0,82,260,13,0.7,1.7,8,1,Kentucky,,,
Ivan Rabb,1.2,1.1,0.549,0.409,83,220,13.2,0.6,1.8,9.4,2,California,,,
Semi Ojeleye,1.5,0.4,0.531,0.424,80,230,18.9,0.4,1.4,6.8,3,SMU,,,
Jawun Evans,5.8,0.1,0.458,0.407,72,175,16.6,1.5,2.7,3.8,2,Oklahoma State,,,
Devin Robinson,0.6,0.6,0.526,0.336,80,178,8.9,0.6,0.9,4.9,3,Florida,,,
Jordan Bell,1.5,2.2,0.622,0.188,79,190,7.8,1.1,1.5,6.8,3,Oregon,,,
Tyler Lydon,1.6,1.6,0.531,0.398,80,205,11.6,1.1,1.5,7.4,2,Syracuse,,,
Ike Anigbogu,0.2,1.2,0.564,0,82,250,4.7,0.2,0.8,4,1,UCLA,,,
Jaron Blossomgame,1.1,0.7,0.541,0.315,79,215,13.5,0.6,1.5,6.5,4,Clemson,,,
D.J. Wilson,0.8,1,0.619,0.363,81,220,7.1,0.4,0.8,3.3,3,Michigan,,,
Josh Hart,1.8,0.3,0.592,0.389,77,205,13.2,1.1,1.3,5.6,4,Villanova,,,
Sindarius Thornwell,3,0.6,0.42,0.34,77,215,14.7,1.5,2.5,5.2,4,South Carolina,,,
Caleb Swanigan,2.4,0.5,0.537,0.376,81,260,14.4,0.4,3,10.4,2,Purdue,,,
Tony Bradley,0.6,0.6,0.573,0,82,240,7.1,0.3,0.7,5.1,1,North Carolina,,,
Nigel Williams-Goss,4.7,0.1,0.527,0.368,75,185,16.8,1.7,2.1,6,3,Gonzaga,,,
Alec Peters,1.5,0.3,0.539,0.416,81,225,17.5,0.8,1.9,7.4,4,Valparaiso,,,
Dillon Brooks,2.6,0.5,0.518,0.362,77,205,14.8,0.9,2.1,4.5,3,Oregon,,,
PJ Dozier,2.4,0.3,0.442,0.277,79,185,10.4,1.3,2.4,3.9,2,South Carolina,,,
Thomas Bryant,1.2,1.2,0.63,0.373,82,245,12.2,0.6,2,6.2,2,Indiana,,,
Dwayne Bacon,1.6,0.1,0.51,0.312,79,210,16.5,1,2.1,5,2,Florida State,,,
Frank Mason,4,0.1,0.471,0.42,71,185,13,1.1,1.9,3.4,4,Kansas,,,
Edmond Sumner,3.8,0.4,0.483,0.285,77,170,11.3,1.2,2.2,3.4,3,Xavier,,,
Cameron Oliver,1.3,2.6,0.53,0.369,80,225,14.6,0.7,2.2,8.9,2,"University of Nevada, Reno",,,
Isaiah Hicks,0.7,0.5,0.574,0.167,80,230,7.4,0.3,1.1,3.6,4,North Carolina,,,
Nigel Hayes,2.1,0.4,0.478,0.332,80,235,12.4,0.9,1.6,5.3,4,Wisconsin,,,
Melo Trimble,3.9,0.1,0.501,0.343,75,190,15.9,1.2,2.7,3.7,3,Maryland,,,
Kobi Simmons,2,0.1,0.435,0.327,77,175,8.8,0.6,1.2,1.6,1,Arizona,,,
Wesley Iwundu,2.8,0.4,0.488,0.338,79,205,9.5,0.9,2.1,4.7,4,Kansas State,,,
Johnathan Motley,1.3,1.2,0.535,0.245,81,230,12,0.4,2,6.4,3,Baylor,,,
Malcolm Hill,2.1,0.3,0.474,0.351,78,230,13.5,0.9,1.6,4.7,4,Illinois,,,
Monte Morris,5.5,0.3,0.517,0.381,74,170,12.2,1.6,1.2,3.7,4,Iowa State,,,
Luke Kornet,1.1,1.6,0.519,0.32,84,235,8.9,0.4,1.1,4.8,4,Vanderbilt,,,
De'Aaron Fox,4.6,0.2,0.52,0.246,75,187,16.7,1.5,2.4,3.9,1,Kentucky,,,
